{"clean": {"f1_score": 0.8703248300746596, "mcc": 0.6970709659493208, "mAP": 0.8957775898249243, "auc": 0.9696640163213694, "iou_spliced": 0.767134428024292, "iou_non_spliced": 0.930716872215271, "iou": 0.8489256501197815, "AP": 0.9999999999999999}, "adv": {"f1_score": 0.5067358700417098, "mcc": 0.008091344114725027, "mAP": 0.3831833340135035, "auc": 0.7213446473963785, "iou_spliced": 0.2788960039615631, "iou_non_spliced": 0.7937637567520142, "iou": 0.5363298803567886, "AP": 0.9999999999999999}}